<?xml version="1.0" encoding="UTF-8"?>
<root>
  <item name="com.avast.android.dialogs.fragment.ListDialogFragment int getMode()">
    <annotation name="android.support.annotation.IntDef">
      <val name="value" val="{android.widget.AbsListView.CHOICE_MODE_MULTIPLE, android.widget.AbsListView.CHOICE_MODE_SINGLE, android.widget.AbsListView.CHOICE_MODE_NONE}" />
    </annotation>
  </item>
  <item name="com.avast.android.dialogs.fragment.ListDialogFragment.SimpleListDialogBuilder com.avast.android.dialogs.fragment.ListDialogFragment.SimpleListDialogBuilder setChoiceMode(int) 0">
    <annotation name="android.support.annotation.IntDef">
      <val name="value" val="{android.widget.AbsListView.CHOICE_MODE_MULTIPLE, android.widget.AbsListView.CHOICE_MODE_SINGLE, android.widget.AbsListView.CHOICE_MODE_NONE}" />
    </annotation>
  </item>
  <item name="com.avast.android.dialogs.fragment.ListDialogFragment.SimpleListDialogBuilder mode">
    <annotation name="android.support.annotation.IntDef">
      <val name="value" val="{android.widget.AbsListView.CHOICE_MODE_MULTIPLE, android.widget.AbsListView.CHOICE_MODE_SINGLE, android.widget.AbsListView.CHOICE_MODE_NONE}" />
    </annotation>
  </item>
</root>

